,id,precio,fecha,ranking_capitalizacion,capitalizacion,volumen
0,bitcoin,977.1399999999999,2016-12,1,556728348274,7952522425.204329
1,dogecoin,0.00023024718402114917,2016-12,9,9549904730,254800.27936776628
2,ethereum,8.504900484563588,2016-12,2,215864203184,56439748.77481539
3,litecoin,4.528668868458804,2016-12,14,5530769537,880011632.0247452
4,ripple,0.007133999999999999,2016-12,5,31259004675,3560500.0
5,tether,1.0,2016-12,3,82898269626,2936720.0
