,id,precio,fecha,ranking_capitalizacion,capitalizacion,volumen
0,bitcoin,765.4629999999999,2016-06,1,556918617674,2950728708.757519
1,dogecoin,0.00033120170249759985,2016-06,9,9562583847,1212299.950581373
2,ethereum,20.509400413759888,2016-06,2,215942615439,176008430.131423
3,litecoin,5.670590243742764,2016-06,14,5532079243,1212520874.2729714
4,ripple,0.006987,2016-06,5,31300531807,9770470.0
5,tether,1.0,2016-06,3,82925545784,6175310.0
