,id,precio,fecha,ranking_capitalizacion,capitalizacion,volumen
0,bitcoin,456.434,2016-01,1,556404486447,1710583688.2242782
1,dogecoin,0.0004493748501941639,2016-01,9,9557297683,1921126.367215537
2,ethereum,2.519719734523484,2016-01,2,215779763630,11669540.231742326
3,litecoin,3.602216418635095,2016-01,14,5528376552,278616687.63988644
4,ripple,0.006886999999999999,2016-01,5,31228846655,2889670.0
5,tether,1.0,2016-01,3,82920558742,540887.0
