,id,precio,fecha,ranking_capitalizacion,capitalizacion,volumen
0,bitcoin,750.4100480749124,2016-11,1,556728348274,10469111039.375326
1,dogecoin,0.00024067498621567395,2016-11,9,9549904730,803024.2722221676
2,ethereum,11.129995658864795,2016-11,2,215864203184,13917166.749888523
3,litecoin,4.108408967342127,2016-11,14,5530769537,584711193.0272892
4,ripple,0.008254,2016-11,5,31259004675,3721340.0
5,tether,1.0,2016-11,3,82898269626,2427610.0
