,id,precio,fecha,ranking_capitalizacion,capitalizacion,volumen
0,bitcoin,625.4675000000001,2016-09,1,556728348274,1917754354.0926065
1,dogecoin,0.0002468516410097771,2016-09,9,9549904730,720214.4835291873
2,ethereum,14.308046581659253,2016-09,2,215864203184,28747263.944959663
3,litecoin,4.004958872906301,2016-09,14,5530769537,424096251.1815802
4,ripple,0.009061,2016-09,5,31300531807,15821900.0
5,tether,1.0,2016-09,3,82898269626,2554440.0
