,id,precio,fecha,ranking_capitalizacion,capitalizacion,volumen
0,bitcoin,467.8559999999999,2016-04,1,556767480985,1609960186.8384228
1,dogecoin,0.000234906287969648,2016-04,9,9557297683,270121.51584779145
2,ethereum,11.5639776320382,2016-04,2,215865497555,42148631.996420056
3,litecoin,4.038293438674249,2016-04,14,5528376552,1186956735.4292164
4,ripple,0.007506000000000001,2016-04,5,31277199990,1807669.9999999998
5,tether,1.0,2016-04,3,82956503414,542470.9999999999
