,id,precio,fecha,ranking_capitalizacion,capitalizacion,volumen
0,bitcoin,592.6675,2016-08,1,556918617674,2497221230.7124486
1,dogecoin,0.00026494358437408993,2016-08,9,9562583847,1480875.453751955
2,ethereum,12.191218707659688,2016-08,2,215942615439,60708724.33736284
3,litecoin,3.941628728304085,2016-08,14,5532079243,564517835.3848472
4,ripple,0.006444,2016-08,5,31300531807,2161160.0
5,tether,1.0,2016-08,3,82925545784,7195530.0
