,id,precio,fecha,ranking_capitalizacion,capitalizacion,volumen
0,bitcoin,441.1199999999998,2016-02,1,556767480985,1847224330.8996885
1,dogecoin,0.0002972002935989888,2016-02,9,9557297683,377539.533573123
2,ethereum,6.440650848847282,2016-02,2,215865497555,29316397.613274623
3,litecoin,3.483668765464253,2016-02,14,5528376552,322812265.62634546
4,ripple,0.008617,2016-02,5,31277199990,2471040.0
5,tether,1.0,2016-02,3,82956503414,438017.99999999977
