,id,precio,fecha,ranking_capitalizacion,capitalizacion,volumen
0,bitcoin,425.349,2016-03,1,556767480985,2766255766.6448894
1,dogecoin,0.0002558989917399325,2016-03,9,9557297683,1328536.0339683027
2,ethereum,14.89359978457807,2016-03,2,215865497555,56738456.43221119
3,litecoin,3.35552826292302,2016-03,14,5528376552,207273505.17324743
4,ripple,0.008808000000000002,2016-03,5,31277199990,2796150.0
5,tether,1.0,2016-03,3,82956503414,1043750.0
