,id,precio,fecha,ranking_capitalizacion,capitalizacion,volumen
0,bitcoin,715.4103243232163,2016-10,1,556728348274,6861251336.346381
1,dogecoin,0.00023636333900934326,2016-10,9,9549904730,424429.95288157376
2,ethereum,13.470600090767412,2016-10,2,215864203184,21618613.51080939
3,litecoin,4.054843845645493,2016-10,14,5530769537,430750564.4926847
4,ripple,0.009397,2016-10,5,31259004675,6008900.0
5,tether,1.0,2016-10,3,82898269626,2066640.0
