,id,precio,fecha,ranking_capitalizacion,capitalizacion,volumen
0,bitcoin,693.0470000000001,2016-07,1,556918617674,2122556832.5577588
1,dogecoin,0.00030194331683736856,2016-07,9,9562583847,440508.19119248184
2,ethereum,14.389725342721574,2016-07,2,215942615439,76432694.99620306
3,litecoin,4.54415003797122,2016-07,14,5532079243,1010263500.8650117
4,ripple,0.00701,2016-07,5,31300531807,1546840.0
5,tether,1.0,2016-07,3,82925545784,1873710.0
