,id,precio,fecha,ranking_capitalizacion,capitalizacion,volumen
0,bitcoin,534.2240000000002,2016-05,1,556767480985,2308852891.9405656
1,dogecoin,0.0002352467377522523,2016-05,9,9562583847,327082.55309447495
2,ethereum,14.71832475600216,2016-05,2,215865497555,62651459.72818858
3,litecoin,4.664446340741096,2016-05,14,5532079243,1264562520.104265
4,ripple,0.006712999999999998,2016-05,5,31277199990,1069750.0
5,tether,1.0,2016-05,3,82956503414,6093660.000000001
