,id,precio,fecha,ranking_capitalizacion,capitalizacion,volumen
0,bitcoin,4702.93816308458,2017-08,1,556736444864,1908427436.1044514
1,dogecoin,0.0020714704619388294,2017-08,9,9565753332,15134961.835803298
2,ethereum,382.9344507545728,2017-08,2,216053033969,1743909692.665895
3,litecoin,72.07096119453698,2017-08,14,5544255283,522262557.8609556
4,ripple,0.254085,2017-08,5,31239515496,1782180000.0
5,tether,1.02,2017-08,3,82928599792,283337000.0
