,id,precio,fecha,ranking_capitalizacion,capitalizacion,volumen
0,bitcoin,2448.1313,2017-05,1,556694820625,889791512.2689184
1,dogecoin,0.003561301346665006,2017-05,9,9578642804,92346922.19615857
2,ethereum,231.37212671271118,2017-05,2,215949246126,820279582.1697654
3,litecoin,34.86116224688043,2017-05,14,5537457225,531328948.97134846
4,ripple,0.405379,2017-05,5,31262834499,478734000.0
5,tether,1.06,2017-05,3,82902269081,186831000.0
