,id,precio,fecha,ranking_capitalizacion,capitalizacion,volumen
0,bitcoin,3013.7138,2017-06,1,556736444864,1211604496.354524
1,dogecoin,0.0038255391474306495,2017-06,9,9565753332,36827348.47434429
2,ethereum,398.4307850845948,2017-06,2,215949246126,1421483466.375218
3,litecoin,49.97706304006617,2017-06,14,5544255283,1041548838.8353254
4,ripple,0.325172,2017-06,5,31262834499,798940000.0
5,tether,1.03,2017-06,3,82902269081,245700000.0
