,id,precio,fecha,ranking_capitalizacion,capitalizacion,volumen
0,bitcoin,2871.3680152452,2017-07,1,556736444864,1277986817.595834
1,dogecoin,0.002718910492721968,2017-07,9,9565753332,9898834.407583121
2,ethereum,286.1336070099866,2017-07,2,216053033969,979531260.0237657
3,litecoin,54.94055714275195,2017-07,14,5544255283,533812123.822935
4,ripple,0.259848,2017-07,5,31239515496,311909000.0
5,tether,1.01,2017-07,3,82928599792,276711000.0
