,id,precio,fecha,ranking_capitalizacion,capitalizacion,volumen
0,bitcoin,1289.5406116191473,2017-03,1,556694820625,417086882.86842495
1,dogecoin,0.0003442260040189613,2017-03,9,9578642804,2382538.616089087
2,ethereum,52.84379426461343,2017-03,2,215949246126,334923528.91465944
3,litecoin,7.118546736245753,2017-03,14,5537457225,131917505.5986405
4,ripple,0.020393999999999995,2017-03,5,31265368230,72586500.0
5,tether,1.0,2017-03,3,82893880200,48680000.0
