,id,precio,fecha,ranking_capitalizacion,capitalizacion,volumen
0,bitcoin,1130.8495163207272,2017-01,1,556728348274,12102750396.564293
1,dogecoin,0.00022920341324128804,2017-01,9,9549904730,735385.0204363002
2,ethereum,10.972252853086058,2017-01,2,215864203184,31832239.059713636
3,litecoin,4.590288311414854,2017-01,14,5530769537,674286714.5128478
4,ripple,0.007021999999999999,2017-01,5,31259004675,5004900.0
5,tether,1.0,2017-01,3,82898269626,13590600.0
