,id,precio,fecha,ranking_capitalizacion,capitalizacion,volumen
0,bitcoin,1349.8863,2017-04,1,556694820625,161417797.38181546
1,dogecoin,0.0007535442030099127,2017-04,9,9578642804,7771303.977777656
2,ethereum,79.8025539393512,2017-04,2,215949246126,270510184.7218242
3,litecoin,16.423339886864934,2017-04,14,5537457225,162180425.32607353
4,ripple,0.055114,2017-04,5,31262834499,215971000.0
5,tether,1.0,2017-04,3,82902269081,44049700.0
