,id,precio,fecha,ranking_capitalizacion,capitalizacion,volumen
0,bitcoin,1193.1295150369579,2017-02,1,556689814595,333977588.2356619
1,dogecoin,0.00021778657835854455,2017-02,9,9578439880,174767.67901603665
2,ethereum,15.702781231900772,2017-02,2,216004469336,43441932.36968612
3,litecoin,4.064260631895146,2017-02,14,5537067424,12173070.168713674
4,ripple,0.006500999999999999,2017-02,5,31265368230,1873160.0
5,tether,1.0,2017-02,3,82893880200,10601000.0
