,id,precio,fecha,ranking_capitalizacion,capitalizacion,volumen
0,binancecoin,9.913921844579967,2018-11,4,35576681972,25623712.89313892
1,bitcoin,6589.980816161567,2018-11,1,557005748829,7100148508.536923
2,cardano,0.08155223197747406,2018-11,8,9700102061,234096359.3295798
3,dogecoin,0.003823143027572418,2018-11,9,9559653503,71283187.16579922
4,ethereum,221.93708350999114,2018-11,2,216090063973,3830707746.8211937
5,litecoin,56.14869633769726,2018-11,14,5556848495,1080551085.00826
6,ripple,0.5466359271854616,2018-11,5,31120826419,2287102322.5201564
7,tether,1.002980909375481,2018-11,3,82923630542,171448789.13759628
8,tron,0.026957219586338826,2018-11,11,6667760498,234420796.803377
9,usd-coin,1.0479163970430276,2018-11,6,26060841159,12136366.569008922
