,id,precio,fecha,ranking_capitalizacion,capitalizacion,volumen
0,binancecoin,14.748950956941808,2018-07,4,35594621093,101091546.0517994
1,bitcoin,8424.062635974418,2018-07,1,557293481478,7243304845.344739
2,cardano,0.19330279263159234,2018-07,8,9703880594,366920690.85583603
3,dogecoin,0.004360411530658819,2018-07,9,9570634976,48945315.09473524
4,ethereum,504.82206846040935,2018-07,2,216248925643,16715348244.61249
5,litecoin,92.76902464575954,2018-07,14,5560929330,1052444012.3507407
6,ripple,0.5171331402520493,2018-07,5,31159527172,449015329.33444476
7,tether,1.506833289717,2018-07,3,82933060919,5459943.482238155
8,tron,0.042729525435058126,2018-07,11,6664436601,357414047.7530137
