,id,precio,fecha,ranking_capitalizacion,capitalizacion,volumen
0,binancecoin,25.20825410784867,2019-04,4,35577448801,560017527.2071364
1,bitcoin,5613.029359602061,2019-04,1,557364293813,60811615094.71319
2,cardano,0.09911314160526928,2019-04,8,9694596846,479045357.157104
3,dogecoin,0.004049225200667899,2019-04,9,9550135484,303143479.50490654
4,ethereum,184.00765159555496,2019-04,2,216164795431,67297756271.20826
5,litecoin,96.22350263377217,2019-04,14,5559299098,8779239937.96138
6,matic-network,0.006195533103844504,2019-04,13,5790063286,50856229.09144991
7,ripple,0.3689069274113406,2019-04,5,31074062885,3314284262.7401776
8,tether,1.0122156022197075,2019-04,3,82918630738,38179128195.61663
9,tron,0.031324241819860696,2019-04,11,6671564662,765199370.146533
10,usd-coin,1.1217590454298059,2019-04,6,26067588508,3160479253.2116427
